idx,temperture,magnetization,specific heat,abs(MM),MM**2,MM**4,HH,HH**2,m_error
0,2.269185,0.501677,2.958800,0.501677,0.270484,0.085842,-362.557648,131463.283443
