idx,temperture,magnetization,specific heat,abs(MM),MM**2,MM**4,HH,HH**2,m_error
0,2.269185,0.714936,1.478274,0.714936,0.546941,0.347754,-23.256842,548.492651
