idx,temperture,magnetization,specific heat,abs(MM),MM**2,MM**4,HH,HH**2,m_error
0,2.269185,0.548215,2.527980,0.548215,0.322811,0.122110,-181.616688,32997.638594
