idx,temperture,magnetization,specific heat,abs(MM),MM**2,MM**4,HH,HH**2,m_error
0,2.269185,0.462488,3.393542,0.462488,0.229376,0.061499,-724.701795,525210.166157
