idx,temperture,magnetization,specific heat,abs(MM),MM**2,MM**4,HH,HH**2,m_error
0,2.269185,0.598460,2.201099,0.598460,0.384690,0.173393,-91.112964,8312.906062
