idx,temperture,magnetization,specific heat,abs(MM),MM**2,MM**4,HH,HH**2,m_error
0,2.269185,0.778155,1.146000,0.778155,0.647910,0.486780,-11.941420,148.498495
