idx,temperture,magnetization,specific heat,abs(MM),MM**2,MM**4,HH,HH**2,m_error
0,2.269185,0.656397,1.849652,0.656397,0.461453,0.248013,-45.905750,2116.862112
