idx,temperture,magnetization,specific heat,abs(sigma),sigma**2,sigma**4,HH,HH**2,m_error
0,1.815348,0.972666,0.286945,0.972666,0.951310,0.918470,-9.553973,92.224019
1,2.269185,0.870538,0.789682,0.870538,0.796141,0.703334,-8.290277,72.794922
2,2.723022,0.662282,0.887508,0.662282,0.521387,0.384997,-6.110142,43.914575
