idx,temperture,magnetization,specific heat,abs(MM),MM**2,MM**4,HH,HH**2,m_error
0,1.815348,0.954489,0.452613,0.954489,0.913328,0.841389,-18.528904,344.811866
1,2.269185,0.756011,1.277906,0.756011,0.612499,0.436794,-14.759708,224.429176
2,2.723022,0.379264,0.723003,0.379264,0.197905,0.077833,-9.790056,101.206157
