idx,temperture,magnetization,specific heat,abs(MM),MM**2,MM**4,HH,HH**2,m_error
0,2.087650,0.876659,0.898790,0.876659,0.782425,0.641846,-16.744369,284.291086
1,2.269185,0.756333,1.257946,0.756333,0.612604,0.436379,-14.762703,224.414817
2,2.450720,0.583490,1.214324,0.583490,0.404391,0.233793,-12.424174,161.653370
